"REF_DATE","GEO","DGUID","Estimate","Industry","UOM","UOM_ID","SCALAR_FACTOR","SCALAR_ID","VECTOR","COORDINATE","VALUE","STATUS","SYMBOL","TERMINATED","DECIMALS"
"1961","Canada","2016A000011124","Gross domestic product (GDP)","Medical cannabis industry","Dollars","81","millions","6","v1001809219","1.1.1","0","","","","0"
"1961","Canada","2016A000011124","Gross domestic product (GDP)","Non-medical cannabis industry","Dollars","81","millions","6","v1001809224","1.1.2","94","","","","0"
"1961","Canada","2016A000011124","Compensation of employees","Medical cannabis industry","Dollars","81","millions","6","v1001809220","1.2.1","0","","","","0"
"1961","Canada","2016A000011124","Compensation of employees","Non-medical cannabis industry","Dollars","81","millions","6","v1001809225","1.2.2","0","","","","0"
"1961","Canada","2016A000011124","Gross operating surplus","Medical cannabis industry","Dollars","81","millions","6","v1001809221","1.3.1","0","","","","0"
"1961","Canada","2016A000011124","Gross operating surplus","Non-medical cannabis industry","Dollars","81","millions","6","v1001809226","1.3.2","0","","","","0"
"1961","Canada","2016A000011124","Mixed income","Medical cannabis industry","Dollars","81","millions","6","v1001809222","1.4.1","0","","","","0"
"1961","Canada","2016A000011124","Mixed income","Non-medical cannabis industry","Dollars","81","millions","6","v1001809227","1.4.2","94","","","","0"
"1961","Canada","2016A000011124","Taxes less subsidies","Medical cannabis industry","Dollars","81","millions","6","v1001809223","1.5.1","0","","","","0"
"1961","Canada","2016A000011124","Taxes less subsidies","Non-medical cannabis industry","Dollars","81","millions","6","v1001809228","1.5.2","0","","","","0"
"1962","Canada","2016A000011124","Gross domestic product (GDP)","Medical cannabis industry","Dollars","81","millions","6","v1001809219","1.1.1","0","","","","0"
"1962","Canada","2016A000011124","Gross domestic product (GDP)","Non-medical cannabis industry","Dollars","81","millions","6","v1001809224","1.1.2","107","","","","0"
"1962","Canada","2016A000011124","Compensation of employees","Medical cannabis industry","Dollars","81","millions","6","v1001809220","1.2.1","0","","","","0"
"1962","Canada","2016A000011124","Compensation of employees","Non-medical cannabis industry","Dollars","81","millions","6","v1001809225","1.2.2","0","","","","0"
"1962","Canada","2016A000011124","Gross operating surplus","Medical cannabis industry","Dollars","81","millions","6","v1001809221","1.3.1","0","","","","0"
"1962","Canada","2016A000011124","Gross operating surplus","Non-medical cannabis industry","Dollars","81","millions","6","v1001809226","1.3.2","0","","","","0"
"1962","Canada","2016A000011124","Mixed income","Medical cannabis industry","Dollars","81","millions","6","v1001809222","1.4.1","0","","","","0"
"1962","Canada","2016A000011124","Mixed income","Non-medical cannabis industry","Dollars","81","millions","6","v1001809227","1.4.2","107","","","","0"
"1962","Canada","2016A000011124","Taxes less subsidies","Medical cannabis industry","Dollars","81","millions","6","v1001809223","1.5.1","0","","","","0"
"1962","Canada","2016A000011124","Taxes less subsidies","Non-medical cannabis industry","Dollars","81","millions","6","v1001809228","1.5.2","0","","","","0"
"1963","Canada","2016A000011124","Gross domestic product (GDP)","Medical cannabis industry","Dollars","81","millions","6","v1001809219","1.1.1","0","","","","0"
"1963","Canada","2016A000011124","Gross domestic product (GDP)","Non-medical cannabis industry","Dollars","81","millions","6","v1001809224","1.1.2","125","","","","0"
"1963","Canada","2016A000011124","Compensation of employees","Medical cannabis industry","Dollars","81","millions","6","v1001809220","1.2.1","0","","","","0"
"1963","Canada","2016A000011124","Compensation of employees","Non-medical cannabis industry","Dollars","81","millions","6","v1001809225","1.2.2","0","","","","0"
"1963","Canada","2016A000011124","Gross operating surplus","Medical cannabis industry","Dollars","81","millions","6","v1001809221","1.3.1","0","","","","0"
"1963","Canada","2016A000011124","Gross operating surplus","Non-medical cannabis industry","Dollars","81","millions","6","v1001809226","1.3.2","0","","","","0"
"1963","Canada","2016A000011124","Mixed income","Medical cannabis industry","Dollars","81","millions","6","v1001809222","1.4.1","0","","","","0"
"1963","Canada","2016A000011124","Mixed income","Non-medical cannabis industry","Dollars","81","millions","6","v1001809227","1.4.2","125","","","","0"
"1963","Canada","2016A000011124","Taxes less subsidies","Medical cannabis industry","Dollars","81","millions","6","v1001809223","1.5.1","0","","","","0"
"1963","Canada","2016A000011124","Taxes less subsidies","Non-medical cannabis industry","Dollars","81","millions","6","v1001809228","1.5.2","0","","","","0"
"1964","Canada","2016A000011124","Gross domestic product (GDP)","Medical cannabis industry","Dollars","81","millions","6","v1001809219","1.1.1","0","","","","0"
"1964","Canada","2016A000011124","Gross domestic product (GDP)","Non-medical cannabis industry","Dollars","81","millions","6","v1001809224","1.1.2","150","","","","0"
"1964","Canada","2016A000011124","Compensation of employees","Medical cannabis industry","Dollars","81","millions","6","v1001809220","1.2.1","0","","","","0"
"1964","Canada","2016A000011124","Compensation of employees","Non-medical cannabis industry","Dollars","81","millions","6","v1001809225","1.2.2","0","","","","0"
"1964","Canada","2016A000011124","Gross operating surplus","Medical cannabis industry","Dollars","81","millions","6","v1001809221","1.3.1","0","","","","0"
"1964","Canada","2016A000011124","Gross operating surplus","Non-medical cannabis industry","Dollars","81","millions","6","v1001809226","1.3.2","0","","","","0"
"1964","Canada","2016A000011124","Mixed income","Medical cannabis industry","Dollars","81","millions","6","v1001809222","1.4.1","0","","","","0"
"1964","Canada","2016A000011124","Mixed income","Non-medical cannabis industry","Dollars","81","millions","6","v1001809227","1.4.2","150","","","","0"
"1964","Canada","2016A000011124","Taxes less subsidies","Medical cannabis industry","Dollars","81","millions","6","v1001809223","1.5.1","0","","","","0"
"1964","Canada","2016A000011124","Taxes less subsidies","Non-medical cannabis industry","Dollars","81","millions","6","v1001809228","1.5.2","0","","","","0"
"1965","Canada","2016A000011124","Gross domestic product (GDP)","Medical cannabis industry","Dollars","81","millions","6","v1001809219","1.1.1","0","","","","0"
"1965","Canada","2016A000011124","Gross domestic product (GDP)","Non-medical cannabis industry","Dollars","81","millions","6","v1001809224","1.1.2","183","","","","0"
"1965","Canada","2016A000011124","Compensation of employees","Medical cannabis industry","Dollars","81","millions","6","v1001809220","1.2.1","0","","","","0"
"1965","Canada","2016A000011124","Compensation of employees","Non-medical cannabis industry","Dollars","81","millions","6","v1001809225","1.2.2","0","","","","0"
"1965","Canada","2016A000011124","Gross operating surplus","Medical cannabis industry","Dollars","81","millions","6","v1001809221","1.3.1","0","","","","0"
"1965","Canada","2016A000011124","Gross operating surplus","Non-medical cannabis industry","Dollars","81","millions","6","v1001809226","1.3.2","0","","","","0"
"1965","Canada","2016A000011124","Mixed income","Medical cannabis industry","Dollars","81","millions","6","v1001809222","1.4.1","0","","","","0"
"1965","Canada","2016A000011124","Mixed income","Non-medical cannabis industry","Dollars","81","millions","6","v1001809227","1.4.2","183","","","","0"
"1965","Canada","2016A000011124","Taxes less subsidies","Medical cannabis industry","Dollars","81","millions","6","v1001809223","1.5.1","0","","","","0"
"1965","Canada","2016A000011124","Taxes less subsidies","Non-medical cannabis industry","Dollars","81","millions","6","v1001809228","1.5.2","0","","","","0"
"1966","Canada","2016A000011124","Gross domestic product (GDP)","Medical cannabis industry","Dollars","81","millions","6","v1001809219","1.1.1","0","","","","0"
"1966","Canada","2016A000011124","Gross domestic product (GDP)","Non-medical cannabis industry","Dollars","81","millions","6","v1001809224","1.1.2","223","","","","0"
"1966","Canada","2016A000011124","Compensation of employees","Medical cannabis industry","Dollars","81","millions","6","v1001809220","1.2.1","0","","","","0"
"1966","Canada","2016A000011124","Compensation of employees","Non-medical cannabis industry","Dollars","81","millions","6","v1001809225","1.2.2","0","","","","0"
"1966","Canada","2016A000011124","Gross operating surplus","Medical cannabis industry","Dollars","81","millions","6","v1001809221","1.3.1","0","","","","0"
"1966","Canada","2016A000011124","Gross operating surplus","Non-medical cannabis industry","Dollars","81","millions","6","v1001809226","1.3.2","0","","","","0"
"1966","Canada","2016A000011124","Mixed income","Medical cannabis industry","Dollars","81","millions","6","v1001809222","1.4.1","0","","","","0"
"1966","Canada","2016A000011124","Mixed income","Non-medical cannabis industry","Dollars","81","millions","6","v1001809227","1.4.2","223","","","","0"
"1966","Canada","2016A000011124","Taxes less subsidies","Medical cannabis industry","Dollars","81","millions","6","v1001809223","1.5.1","0","","","","0"
"1966","Canada","2016A000011124","Taxes less subsidies","Non-medical cannabis industry","Dollars","81","millions","6","v1001809228","1.5.2","0","","","","0"
"1967","Canada","2016A000011124","Gross domestic product (GDP)","Medical cannabis industry","Dollars","81","millions","6","v1001809219","1.1.1","0","","","","0"
"1967","Canada","2016A000011124","Gross domestic product (GDP)","Non-medical cannabis industry","Dollars","81","millions","6","v1001809224","1.1.2","273","","","","0"
"1967","Canada","2016A000011124","Compensation of employees","Medical cannabis industry","Dollars","81","millions","6","v1001809220","1.2.1","0","","","","0"
"1967","Canada","2016A000011124","Compensation of employees","Non-medical cannabis industry","Dollars","81","millions","6","v1001809225","1.2.2","0","","","","0"
"1967","Canada","2016A000011124","Gross operating surplus","Medical cannabis industry","Dollars","81","millions","6","v1001809221","1.3.1","0","","","","0"
"1967","Canada","2016A000011124","Gross operating surplus","Non-medical cannabis industry","Dollars","81","millions","6","v1001809226","1.3.2","0","","","","0"
"1967","Canada","2016A000011124","Mixed income","Medical cannabis industry","Dollars","81","millions","6","v1001809222","1.4.1","0","","","","0"
"1967","Canada","2016A000011124","Mixed income","Non-medical cannabis industry","Dollars","81","millions","6","v1001809227","1.4.2","273","","","","0"
"1967","Canada","2016A000011124","Taxes less subsidies","Medical cannabis industry","Dollars","81","millions","6","v1001809223","1.5.1","0","","","","0"
"1967","Canada","2016A000011124","Taxes less subsidies","Non-medical cannabis industry","Dollars","81","millions","6","v1001809228","1.5.2","0","","","","0"
"1968","Canada","2016A000011124","Gross domestic product (GDP)","Medical cannabis industry","Dollars","81","millions","6","v1001809219","1.1.1","0","","","","0"
"1968","Canada","2016A000011124","Gross domestic product (GDP)","Non-medical cannabis industry","Dollars","81","millions","6","v1001809224","1.1.2","332","","","","0"
"1968","Canada","2016A000011124","Compensation of employees","Medical cannabis industry","Dollars","81","millions","6","v1001809220","1.2.1","0","","","","0"
"1968","Canada","2016A000011124","Compensation of employees","Non-medical cannabis industry","Dollars","81","millions","6","v1001809225","1.2.2","0","","","","0"
"1968","Canada","2016A000011124","Gross operating surplus","Medical cannabis industry","Dollars","81","millions","6","v1001809221","1.3.1","0","","","","0"
"1968","Canada","2016A000011124","Gross operating surplus","Non-medical cannabis industry","Dollars","81","millions","6","v1001809226","1.3.2","0","","","","0"
"1968","Canada","2016A000011124","Mixed income","Medical cannabis industry","Dollars","81","millions","6","v1001809222","1.4.1","0","","","","0"
"1968","Canada","2016A000011124","Mixed income","Non-medical cannabis industry","Dollars","81","millions","6","v1001809227","1.4.2","332","","","","0"
"1968","Canada","2016A000011124","Taxes less subsidies","Medical cannabis industry","Dollars","81","millions","6","v1001809223","1.5.1","0","","","","0"
"1968","Canada","2016A000011124","Taxes less subsidies","Non-medical cannabis industry","Dollars","81","millions","6","v1001809228","1.5.2","0","","","","0"
"1969","Canada","2016A000011124","Gross domestic product (GDP)","Medical cannabis industry","Dollars","81","millions","6","v1001809219","1.1.1","0","","","","0"
"1969","Canada","2016A000011124","Gross domestic product (GDP)","Non-medical cannabis industry","Dollars","81","millions","6","v1001809224","1.1.2","397","","","","0"
"1969","Canada","2016A000011124","Compensation of employees","Medical cannabis industry","Dollars","81","millions","6","v1001809220","1.2.1","0","","","","0"
"1969","Canada","2016A000011124","Compensation of employees","Non-medical cannabis industry","Dollars","81","millions","6","v1001809225","1.2.2","0","","","","0"
"1969","Canada","2016A000011124","Gross operating surplus","Medical cannabis industry","Dollars","81","millions","6","v1001809221","1.3.1","0","","","","0"
"1969","Canada","2016A000011124","Gross operating surplus","Non-medical cannabis industry","Dollars","81","millions","6","v1001809226","1.3.2","0","","","","0"
"1969","Canada","2016A000011124","Mixed income","Medical cannabis industry","Dollars","81","millions","6","v1001809222","1.4.1","0","","","","0"
"1969","Canada","2016A000011124","Mixed income","Non-medical cannabis industry","Dollars","81","millions","6","v1001809227","1.4.2","397","","","","0"
"1969","Canada","2016A000011124","Taxes less subsidies","Medical cannabis industry","Dollars","81","millions","6","v1001809223","1.5.1","0","","","","0"
"1969","Canada","2016A000011124","Taxes less subsidies","Non-medical cannabis industry","Dollars","81","millions","6","v1001809228","1.5.2","0","","","","0"
"1970","Canada","2016A000011124","Gross domestic product (GDP)","Medical cannabis industry","Dollars","81","millions","6","v1001809219","1.1.1","0","","","","0"
"1970","Canada","2016A000011124","Gross domestic product (GDP)","Non-medical cannabis industry","Dollars","81","millions","6","v1001809224","1.1.2","483","","","","0"
"1970","Canada","2016A000011124","Compensation of employees","Medical cannabis industry","Dollars","81","millions","6","v1001809220","1.2.1","0","","","","0"
"1970","Canada","2016A000011124","Compensation of employees","Non-medical cannabis industry","Dollars","81","millions","6","v1001809225","1.2.2","0","","","","0"
"1970","Canada","2016A000011124","Gross operating surplus","Medical cannabis industry","Dollars","81","millions","6","v1001809221","1.3.1","0","","","","0"
"1970","Canada","2016A000011124","Gross operating surplus","Non-medical cannabis industry","Dollars","81","millions","6","v1001809226","1.3.2","0","","","","0"
"1970","Canada","2016A000011124","Mixed income","Medical cannabis industry","Dollars","81","millions","6","v1001809222","1.4.1","0","","","","0"
"1970","Canada","2016A000011124","Mixed income","Non-medical cannabis industry","Dollars","81","millions","6","v1001809227","1.4.2","483","","","","0"
"1970","Canada","2016A000011124","Taxes less subsidies","Medical cannabis industry","Dollars","81","millions","6","v1001809223","1.5.1","0","","","","0"
"1970","Canada","2016A000011124","Taxes less subsidies","Non-medical cannabis industry","Dollars","81","millions","6","v1001809228","1.5.2","0","","","","0"
"1971","Canada","2016A000011124","Gross domestic product (GDP)","Medical cannabis industry","Dollars","81","millions","6","v1001809219","1.1.1","0","","","","0"
"1971","Canada","2016A000011124","Gross domestic product (GDP)","Non-medical cannabis industry","Dollars","81","millions","6","v1001809224","1.1.2","553","","","","0"
"1971","Canada","2016A000011124","Compensation of employees","Medical cannabis industry","Dollars","81","millions","6","v1001809220","1.2.1","0","","","","0"
"1971","Canada","2016A000011124","Compensation of employees","Non-medical cannabis industry","Dollars","81","millions","6","v1001809225","1.2.2","0","","","","0"
"1971","Canada","2016A000011124","Gross operating surplus","Medical cannabis industry","Dollars","81","millions","6","v1001809221","1.3.1","0","","","","0"
"1971","Canada","2016A000011124","Gross operating surplus","Non-medical cannabis industry","Dollars","81","millions","6","v1001809226","1.3.2","0","","","","0"
"1971","Canada","2016A000011124","Mixed income","Medical cannabis industry","Dollars","81","millions","6","v1001809222","1.4.1","0","","","","0"
"1971","Canada","2016A000011124","Mixed income","Non-medical cannabis industry","Dollars","81","millions","6","v1001809227","1.4.2","553","","","","0"
"1971","Canada","2016A000011124","Taxes less subsidies","Medical cannabis industry","Dollars","81","millions","6","v1001809223","1.5.1","0","","","","0"
"1971","Canada","2016A000011124","Taxes less subsidies","Non-medical cannabis industry","Dollars","81","millions","6","v1001809228","1.5.2","0","","","","0"
"1972","Canada","2016A000011124","Gross domestic product (GDP)","Medical cannabis industry","Dollars","81","millions","6","v1001809219","1.1.1","0","","","","0"
"1972","Canada","2016A000011124","Gross domestic product (GDP)","Non-medical cannabis industry","Dollars","81","millions","6","v1001809224","1.1.2","619","","","","0"
"1972","Canada","2016A000011124","Compensation of employees","Medical cannabis industry","Dollars","81","millions","6","v1001809220","1.2.1","0","","","","0"
"1972","Canada","2016A000011124","Compensation of employees","Non-medical cannabis industry","Dollars","81","millions","6","v1001809225","1.2.2","0","","","","0"
"1972","Canada","2016A000011124","Gross operating surplus","Medical cannabis industry","Dollars","81","millions","6","v1001809221","1.3.1","0","","","","0"
"1972","Canada","2016A000011124","Gross operating surplus","Non-medical cannabis industry","Dollars","81","millions","6","v1001809226","1.3.2","0","","","","0"
"1972","Canada","2016A000011124","Mixed income","Medical cannabis industry","Dollars","81","millions","6","v1001809222","1.4.1","0","","","","0"
"1972","Canada","2016A000011124","Mixed income","Non-medical cannabis industry","Dollars","81","millions","6","v1001809227","1.4.2","619","","","","0"
"1972","Canada","2016A000011124","Taxes less subsidies","Medical cannabis industry","Dollars","81","millions","6","v1001809223","1.5.1","0","","","","0"
"1972","Canada","2016A000011124","Taxes less subsidies","Non-medical cannabis industry","Dollars","81","millions","6","v1001809228","1.5.2","0","","","","0"
"1973","Canada","2016A000011124","Gross domestic product (GDP)","Medical cannabis industry","Dollars","81","millions","6","v1001809219","1.1.1","0","","","","0"
"1973","Canada","2016A000011124","Gross domestic product (GDP)","Non-medical cannabis industry","Dollars","81","millions","6","v1001809224","1.1.2","681","","","","0"
"1973","Canada","2016A000011124","Compensation of employees","Medical cannabis industry","Dollars","81","millions","6","v1001809220","1.2.1","0","","","","0"
"1973","Canada","2016A000011124","Compensation of employees","Non-medical cannabis industry","Dollars","81","millions","6","v1001809225","1.2.2","0","","","","0"
"1973","Canada","2016A000011124","Gross operating surplus","Medical cannabis industry","Dollars","81","millions","6","v1001809221","1.3.1","0","","","","0"
"1973","Canada","2016A000011124","Gross operating surplus","Non-medical cannabis industry","Dollars","81","millions","6","v1001809226","1.3.2","0","","","","0"
"1973","Canada","2016A000011124","Mixed income","Medical cannabis industry","Dollars","81","millions","6","v1001809222","1.4.1","0","","","","0"
"1973","Canada","2016A000011124","Mixed income","Non-medical cannabis industry","Dollars","81","millions","6","v1001809227","1.4.2","681","","","","0"
"1973","Canada","2016A000011124","Taxes less subsidies","Medical cannabis industry","Dollars","81","millions","6","v1001809223","1.5.1","0","","","","0"
"1973","Canada","2016A000011124","Taxes less subsidies","Non-medical cannabis industry","Dollars","81","millions","6","v1001809228","1.5.2","0","","","","0"
"1974","Canada","2016A000011124","Gross domestic product (GDP)","Medical cannabis industry","Dollars","81","millions","6","v1001809219","1.1.1","0","","","","0"
"1974","Canada","2016A000011124","Gross domestic product (GDP)","Non-medical cannabis industry","Dollars","81","millions","6","v1001809224","1.1.2","768","","","","0"
"1974","Canada","2016A000011124","Compensation of employees","Medical cannabis industry","Dollars","81","millions","6","v1001809220","1.2.1","0","","","","0"
"1974","Canada","2016A000011124","Compensation of employees","Non-medical cannabis industry","Dollars","81","millions","6","v1001809225","1.2.2","0","","","","0"
"1974","Canada","2016A000011124","Gross operating surplus","Medical cannabis industry","Dollars","81","millions","6","v1001809221","1.3.1","0","","","","0"
"1974","Canada","2016A000011124","Gross operating surplus","Non-medical cannabis industry","Dollars","81","millions","6","v1001809226","1.3.2","0","","","","0"
"1974","Canada","2016A000011124","Mixed income","Medical cannabis industry","Dollars","81","millions","6","v1001809222","1.4.1","0","","","","0"
"1974","Canada","2016A000011124","Mixed income","Non-medical cannabis industry","Dollars","81","millions","6","v1001809227","1.4.2","768","","","","0"
"1974","Canada","2016A000011124","Taxes less subsidies","Medical cannabis industry","Dollars","81","millions","6","v1001809223","1.5.1","0","","","","0"
"1974","Canada","2016A000011124","Taxes less subsidies","Non-medical cannabis industry","Dollars","81","millions","6","v1001809228","1.5.2","0","","","","0"
"1975","Canada","2016A000011124","Gross domestic product (GDP)","Medical cannabis industry","Dollars","81","millions","6","v1001809219","1.1.1","0","","","","0"
"1975","Canada","2016A000011124","Gross domestic product (GDP)","Non-medical cannabis industry","Dollars","81","millions","6","v1001809224","1.1.2","824","","","","0"
"1975","Canada","2016A000011124","Compensation of employees","Medical cannabis industry","Dollars","81","millions","6","v1001809220","1.2.1","0","","","","0"
"1975","Canada","2016A000011124","Compensation of employees","Non-medical cannabis industry","Dollars","81","millions","6","v1001809225","1.2.2","0","","","","0"
"1975","Canada","2016A000011124","Gross operating surplus","Medical cannabis industry","Dollars","81","millions","6","v1001809221","1.3.1","0","","","","0"
"1975","Canada","2016A000011124","Gross operating surplus","Non-medical cannabis industry","Dollars","81","millions","6","v1001809226","1.3.2","0","","","","0"
"1975","Canada","2016A000011124","Mixed income","Medical cannabis industry","Dollars","81","millions","6","v1001809222","1.4.1","0","","","","0"
"1975","Canada","2016A000011124","Mixed income","Non-medical cannabis industry","Dollars","81","millions","6","v1001809227","1.4.2","824","","","","0"
"1975","Canada","2016A000011124","Taxes less subsidies","Medical cannabis industry","Dollars","81","millions","6","v1001809223","1.5.1","0","","","","0"
"1975","Canada","2016A000011124","Taxes less subsidies","Non-medical cannabis industry","Dollars","81","millions","6","v1001809228","1.5.2","0","","","","0"
"1976","Canada","2016A000011124","Gross domestic product (GDP)","Medical cannabis industry","Dollars","81","millions","6","v1001809219","1.1.1","0","","","","0"
"1976","Canada","2016A000011124","Gross domestic product (GDP)","Non-medical cannabis industry","Dollars","81","millions","6","v1001809224","1.1.2","884","","","","0"
"1976","Canada","2016A000011124","Compensation of employees","Medical cannabis industry","Dollars","81","millions","6","v1001809220","1.2.1","0","","","","0"
"1976","Canada","2016A000011124","Compensation of employees","Non-medical cannabis industry","Dollars","81","millions","6","v1001809225","1.2.2","0","","","","0"
"1976","Canada","2016A000011124","Gross operating surplus","Medical cannabis industry","Dollars","81","millions","6","v1001809221","1.3.1","0","","","","0"
"1976","Canada","2016A000011124","Gross operating surplus","Non-medical cannabis industry","Dollars","81","millions","6","v1001809226","1.3.2","0","","","","0"
"1976","Canada","2016A000011124","Mixed income","Medical cannabis industry","Dollars","81","millions","6","v1001809222","1.4.1","0","","","","0"
"1976","Canada","2016A000011124","Mixed income","Non-medical cannabis industry","Dollars","81","millions","6","v1001809227","1.4.2","884","","","","0"
"1976","Canada","2016A000011124","Taxes less subsidies","Medical cannabis industry","Dollars","81","millions","6","v1001809223","1.5.1","0","","","","0"
"1976","Canada","2016A000011124","Taxes less subsidies","Non-medical cannabis industry","Dollars","81","millions","6","v1001809228","1.5.2","0","","","","0"
"1977","Canada","2016A000011124","Gross domestic product (GDP)","Medical cannabis industry","Dollars","81","millions","6","v1001809219","1.1.1","0","","","","0"
"1977","Canada","2016A000011124","Gross domestic product (GDP)","Non-medical cannabis industry","Dollars","81","millions","6","v1001809224","1.1.2","944","","","","0"
"1977","Canada","2016A000011124","Compensation of employees","Medical cannabis industry","Dollars","81","millions","6","v1001809220","1.2.1","0","","","","0"
"1977","Canada","2016A000011124","Compensation of employees","Non-medical cannabis industry","Dollars","81","millions","6","v1001809225","1.2.2","0","","","","0"
"1977","Canada","2016A000011124","Gross operating surplus","Medical cannabis industry","Dollars","81","millions","6","v1001809221","1.3.1","0","","","","0"
"1977","Canada","2016A000011124","Gross operating surplus","Non-medical cannabis industry","Dollars","81","millions","6","v1001809226","1.3.2","0","","","","0"
"1977","Canada","2016A000011124","Mixed income","Medical cannabis industry","Dollars","81","millions","6","v1001809222","1.4.1","0","","","","0"
"1977","Canada","2016A000011124","Mixed income","Non-medical cannabis industry","Dollars","81","millions","6","v1001809227","1.4.2","944","","","","0"
"1977","Canada","2016A000011124","Taxes less subsidies","Medical cannabis industry","Dollars","81","millions","6","v1001809223","1.5.1","0","","","","0"
"1977","Canada","2016A000011124","Taxes less subsidies","Non-medical cannabis industry","Dollars","81","millions","6","v1001809228","1.5.2","0","","","","0"
"1978","Canada","2016A000011124","Gross domestic product (GDP)","Medical cannabis industry","Dollars","81","millions","6","v1001809219","1.1.1","0","","","","0"
"1978","Canada","2016A000011124","Gross domestic product (GDP)","Non-medical cannabis industry","Dollars","81","millions","6","v1001809224","1.1.2","1044","","","","0"
"1978","Canada","2016A000011124","Compensation of employees","Medical cannabis industry","Dollars","81","millions","6","v1001809220","1.2.1","0","","","","0"
"1978","Canada","2016A000011124","Compensation of employees","Non-medical cannabis industry","Dollars","81","millions","6","v1001809225","1.2.2","0","","","","0"
"1978","Canada","2016A000011124","Gross operating surplus","Medical cannabis industry","Dollars","81","millions","6","v1001809221","1.3.1","0","","","","0"
"1978","Canada","2016A000011124","Gross operating surplus","Non-medical cannabis industry","Dollars","81","millions","6","v1001809226","1.3.2","0","","","","0"
"1978","Canada","2016A000011124","Mixed income","Medical cannabis industry","Dollars","81","millions","6","v1001809222","1.4.1","0","","","","0"
"1978","Canada","2016A000011124","Mixed income","Non-medical cannabis industry","Dollars","81","millions","6","v1001809227","1.4.2","1044","","","","0"
"1978","Canada","2016A000011124","Taxes less subsidies","Medical cannabis industry","Dollars","81","millions","6","v1001809223","1.5.1","0","","","","0"
"1978","Canada","2016A000011124","Taxes less subsidies","Non-medical cannabis industry","Dollars","81","millions","6","v1001809228","1.5.2","0","","","","0"
"1979","Canada","2016A000011124","Gross domestic product (GDP)","Medical cannabis industry","Dollars","81","millions","6","v1001809219","1.1.1","0","","","","0"
"1979","Canada","2016A000011124","Gross domestic product (GDP)","Non-medical cannabis industry","Dollars","81","millions","6","v1001809224","1.1.2","1106","","","","0"
"1979","Canada","2016A000011124","Compensation of employees","Medical cannabis industry","Dollars","81","millions","6","v1001809220","1.2.1","0","","","","0"
"1979","Canada","2016A000011124","Compensation of employees","Non-medical cannabis industry","Dollars","81","millions","6","v1001809225","1.2.2","0","","","","0"
"1979","Canada","2016A000011124","Gross operating surplus","Medical cannabis industry","Dollars","81","millions","6","v1001809221","1.3.1","0","","","","0"
"1979","Canada","2016A000011124","Gross operating surplus","Non-medical cannabis industry","Dollars","81","millions","6","v1001809226","1.3.2","0","","","","0"
"1979","Canada","2016A000011124","Mixed income","Medical cannabis industry","Dollars","81","millions","6","v1001809222","1.4.1","0","","","","0"
"1979","Canada","2016A000011124","Mixed income","Non-medical cannabis industry","Dollars","81","millions","6","v1001809227","1.4.2","1106","","","","0"
"1979","Canada","2016A000011124","Taxes less subsidies","Medical cannabis industry","Dollars","81","millions","6","v1001809223","1.5.1","0","","","","0"
"1979","Canada","2016A000011124","Taxes less subsidies","Non-medical cannabis industry","Dollars","81","millions","6","v1001809228","1.5.2","0","","","","0"
"1980","Canada","2016A000011124","Gross domestic product (GDP)","Medical cannabis industry","Dollars","81","millions","6","v1001809219","1.1.1","0","","","","0"
"1980","Canada","2016A000011124","Gross domestic product (GDP)","Non-medical cannabis industry","Dollars","81","millions","6","v1001809224","1.1.2","1169","","","","0"
"1980","Canada","2016A000011124","Compensation of employees","Medical cannabis industry","Dollars","81","millions","6","v1001809220","1.2.1","0","","","","0"
"1980","Canada","2016A000011124","Compensation of employees","Non-medical cannabis industry","Dollars","81","millions","6","v1001809225","1.2.2","0","","","","0"
"1980","Canada","2016A000011124","Gross operating surplus","Medical cannabis industry","Dollars","81","millions","6","v1001809221","1.3.1","0","","","","0"
"1980","Canada","2016A000011124","Gross operating surplus","Non-medical cannabis industry","Dollars","81","millions","6","v1001809226","1.3.2","0","","","","0"
"1980","Canada","2016A000011124","Mixed income","Medical cannabis industry","Dollars","81","millions","6","v1001809222","1.4.1","0","","","","0"
"1980","Canada","2016A000011124","Mixed income","Non-medical cannabis industry","Dollars","81","millions","6","v1001809227","1.4.2","1169","","","","0"
"1980","Canada","2016A000011124","Taxes less subsidies","Medical cannabis industry","Dollars","81","millions","6","v1001809223","1.5.1","0","","","","0"
"1980","Canada","2016A000011124","Taxes less subsidies","Non-medical cannabis industry","Dollars","81","millions","6","v1001809228","1.5.2","0","","","","0"
"1981","Canada","2016A000011124","Gross domestic product (GDP)","Medical cannabis industry","Dollars","81","millions","6","v1001809219","1.1.1","0","","","","0"
"1981","Canada","2016A000011124","Gross domestic product (GDP)","Non-medical cannabis industry","Dollars","81","millions","6","v1001809224","1.1.2","1233","","","","0"
"1981","Canada","2016A000011124","Compensation of employees","Medical cannabis industry","Dollars","81","millions","6","v1001809220","1.2.1","0","","","","0"
"1981","Canada","2016A000011124","Compensation of employees","Non-medical cannabis industry","Dollars","81","millions","6","v1001809225","1.2.2","0","","","","0"
"1981","Canada","2016A000011124","Gross operating surplus","Medical cannabis industry","Dollars","81","millions","6","v1001809221","1.3.1","0","","","","0"
"1981","Canada","2016A000011124","Gross operating surplus","Non-medical cannabis industry","Dollars","81","millions","6","v1001809226","1.3.2","0","","","","0"
"1981","Canada","2016A000011124","Mixed income","Medical cannabis industry","Dollars","81","millions","6","v1001809222","1.4.1","0","","","","0"
"1981","Canada","2016A000011124","Mixed income","Non-medical cannabis industry","Dollars","81","millions","6","v1001809227","1.4.2","1233","","","","0"
"1981","Canada","2016A000011124","Taxes less subsidies","Medical cannabis industry","Dollars","81","millions","6","v1001809223","1.5.1","0","","","","0"
"1981","Canada","2016A000011124","Taxes less subsidies","Non-medical cannabis industry","Dollars","81","millions","6","v1001809228","1.5.2","0","","","","0"
"1982","Canada","2016A000011124","Gross domestic product (GDP)","Medical cannabis industry","Dollars","81","millions","6","v1001809219","1.1.1","0","","","","0"
"1982","Canada","2016A000011124","Gross domestic product (GDP)","Non-medical cannabis industry","Dollars","81","millions","6","v1001809224","1.1.2","1403","","","","0"
"1982","Canada","2016A000011124","Compensation of employees","Medical cannabis industry","Dollars","81","millions","6","v1001809220","1.2.1","0","","","","0"
"1982","Canada","2016A000011124","Compensation of employees","Non-medical cannabis industry","Dollars","81","millions","6","v1001809225","1.2.2","0","","","","0"
"1982","Canada","2016A000011124","Gross operating surplus","Medical cannabis industry","Dollars","81","millions","6","v1001809221","1.3.1","0","","","","0"
"1982","Canada","2016A000011124","Gross operating surplus","Non-medical cannabis industry","Dollars","81","millions","6","v1001809226","1.3.2","0","","","","0"
"1982","Canada","2016A000011124","Mixed income","Medical cannabis industry","Dollars","81","millions","6","v1001809222","1.4.1","0","","","","0"
"1982","Canada","2016A000011124","Mixed income","Non-medical cannabis industry","Dollars","81","millions","6","v1001809227","1.4.2","1403","","","","0"
"1982","Canada","2016A000011124","Taxes less subsidies","Medical cannabis industry","Dollars","81","millions","6","v1001809223","1.5.1","0","","","","0"
"1982","Canada","2016A000011124","Taxes less subsidies","Non-medical cannabis industry","Dollars","81","millions","6","v1001809228","1.5.2","0","","","","0"
"1983","Canada","2016A000011124","Gross domestic product (GDP)","Medical cannabis industry","Dollars","81","millions","6","v1001809219","1.1.1","0","","","","0"
"1983","Canada","2016A000011124","Gross domestic product (GDP)","Non-medical cannabis industry","Dollars","81","millions","6","v1001809224","1.1.2","1619","","","","0"
"1983","Canada","2016A000011124","Compensation of employees","Medical cannabis industry","Dollars","81","millions","6","v1001809220","1.2.1","0","","","","0"
"1983","Canada","2016A000011124","Compensation of employees","Non-medical cannabis industry","Dollars","81","millions","6","v1001809225","1.2.2","0","","","","0"
"1983","Canada","2016A000011124","Gross operating surplus","Medical cannabis industry","Dollars","81","millions","6","v1001809221","1.3.1","0","","","","0"
"1983","Canada","2016A000011124","Gross operating surplus","Non-medical cannabis industry","Dollars","81","millions","6","v1001809226","1.3.2","0","","","","0"
"1983","Canada","2016A000011124","Mixed income","Medical cannabis industry","Dollars","81","millions","6","v1001809222","1.4.1","0","","","","0"
"1983","Canada","2016A000011124","Mixed income","Non-medical cannabis industry","Dollars","81","millions","6","v1001809227","1.4.2","1619","","","","0"
"1983","Canada","2016A000011124","Taxes less subsidies","Medical cannabis industry","Dollars","81","millions","6","v1001809223","1.5.1","0","","","","0"
"1983","Canada","2016A000011124","Taxes less subsidies","Non-medical cannabis industry","Dollars","81","millions","6","v1001809228","1.5.2","0","","","","0"
"1984","Canada","2016A000011124","Gross domestic product (GDP)","Medical cannabis industry","Dollars","81","millions","6","v1001809219","1.1.1","0","","","","0"
"1984","Canada","2016A000011124","Gross domestic product (GDP)","Non-medical cannabis industry","Dollars","81","millions","6","v1001809224","1.1.2","1737","","","","0"
"1984","Canada","2016A000011124","Compensation of employees","Medical cannabis industry","Dollars","81","millions","6","v1001809220","1.2.1","0","","","","0"
"1984","Canada","2016A000011124","Compensation of employees","Non-medical cannabis industry","Dollars","81","millions","6","v1001809225","1.2.2","0","","","","0"
"1984","Canada","2016A000011124","Gross operating surplus","Medical cannabis industry","Dollars","81","millions","6","v1001809221","1.3.1","0","","","","0"
"1984","Canada","2016A000011124","Gross operating surplus","Non-medical cannabis industry","Dollars","81","millions","6","v1001809226","1.3.2","0","","","","0"
"1984","Canada","2016A000011124","Mixed income","Medical cannabis industry","Dollars","81","millions","6","v1001809222","1.4.1","0","","","","0"
"1984","Canada","2016A000011124","Mixed income","Non-medical cannabis industry","Dollars","81","millions","6","v1001809227","1.4.2","1737","","","","0"
"1984","Canada","2016A000011124","Taxes less subsidies","Medical cannabis industry","Dollars","81","millions","6","v1001809223","1.5.1","0","","","","0"
"1984","Canada","2016A000011124","Taxes less subsidies","Non-medical cannabis industry","Dollars","81","millions","6","v1001809228","1.5.2","0","","","","0"
"1985","Canada","2016A000011124","Gross domestic product (GDP)","Medical cannabis industry","Dollars","81","millions","6","v1001809219","1.1.1","0","","","","0"
"1985","Canada","2016A000011124","Gross domestic product (GDP)","Non-medical cannabis industry","Dollars","81","millions","6","v1001809224","1.1.2","1946","","","","0"
"1985","Canada","2016A000011124","Compensation of employees","Medical cannabis industry","Dollars","81","millions","6","v1001809220","1.2.1","0","","","","0"
"1985","Canada","2016A000011124","Compensation of employees","Non-medical cannabis industry","Dollars","81","millions","6","v1001809225","1.2.2","0","","","","0"
"1985","Canada","2016A000011124","Gross operating surplus","Medical cannabis industry","Dollars","81","millions","6","v1001809221","1.3.1","0","","","","0"
"1985","Canada","2016A000011124","Gross operating surplus","Non-medical cannabis industry","Dollars","81","millions","6","v1001809226","1.3.2","0","","","","0"
"1985","Canada","2016A000011124","Mixed income","Medical cannabis industry","Dollars","81","millions","6","v1001809222","1.4.1","0","","","","0"
"1985","Canada","2016A000011124","Mixed income","Non-medical cannabis industry","Dollars","81","millions","6","v1001809227","1.4.2","1946","","","","0"
"1985","Canada","2016A000011124","Taxes less subsidies","Medical cannabis industry","Dollars","81","millions","6","v1001809223","1.5.1","0","","","","0"
"1985","Canada","2016A000011124","Taxes less subsidies","Non-medical cannabis industry","Dollars","81","millions","6","v1001809228","1.5.2","0","","","","0"
"1986","Canada","2016A000011124","Gross domestic product (GDP)","Medical cannabis industry","Dollars","81","millions","6","v1001809219","1.1.1","0","","","","0"
"1986","Canada","2016A000011124","Gross domestic product (GDP)","Non-medical cannabis industry","Dollars","81","millions","6","v1001809224","1.1.2","2170","","","","0"
"1986","Canada","2016A000011124","Compensation of employees","Medical cannabis industry","Dollars","81","millions","6","v1001809220","1.2.1","0","","","","0"
"1986","Canada","2016A000011124","Compensation of employees","Non-medical cannabis industry","Dollars","81","millions","6","v1001809225","1.2.2","0","","","","0"
"1986","Canada","2016A000011124","Gross operating surplus","Medical cannabis industry","Dollars","81","millions","6","v1001809221","1.3.1","0","","","","0"
"1986","Canada","2016A000011124","Gross operating surplus","Non-medical cannabis industry","Dollars","81","millions","6","v1001809226","1.3.2","0","","","","0"
"1986","Canada","2016A000011124","Mixed income","Medical cannabis industry","Dollars","81","millions","6","v1001809222","1.4.1","0","","","","0"
"1986","Canada","2016A000011124","Mixed income","Non-medical cannabis industry","Dollars","81","millions","6","v1001809227","1.4.2","2170","","","","0"
"1986","Canada","2016A000011124","Taxes less subsidies","Medical cannabis industry","Dollars","81","millions","6","v1001809223","1.5.1","0","","","","0"
"1986","Canada","2016A000011124","Taxes less subsidies","Non-medical cannabis industry","Dollars","81","millions","6","v1001809228","1.5.2","0","","","","0"
"1987","Canada","2016A000011124","Gross domestic product (GDP)","Medical cannabis industry","Dollars","81","millions","6","v1001809219","1.1.1","0","","","","0"
"1987","Canada","2016A000011124","Gross domestic product (GDP)","Non-medical cannabis industry","Dollars","81","millions","6","v1001809224","1.1.2","2403","","","","0"
"1987","Canada","2016A000011124","Compensation of employees","Medical cannabis industry","Dollars","81","millions","6","v1001809220","1.2.1","0","","","","0"
"1987","Canada","2016A000011124","Compensation of employees","Non-medical cannabis industry","Dollars","81","millions","6","v1001809225","1.2.2","0","","","","0"
"1987","Canada","2016A000011124","Gross operating surplus","Medical cannabis industry","Dollars","81","millions","6","v1001809221","1.3.1","0","","","","0"
"1987","Canada","2016A000011124","Gross operating surplus","Non-medical cannabis industry","Dollars","81","millions","6","v1001809226","1.3.2","0","","","","0"
"1987","Canada","2016A000011124","Mixed income","Medical cannabis industry","Dollars","81","millions","6","v1001809222","1.4.1","0","","","","0"
"1987","Canada","2016A000011124","Mixed income","Non-medical cannabis industry","Dollars","81","millions","6","v1001809227","1.4.2","2403","","","","0"
"1987","Canada","2016A000011124","Taxes less subsidies","Medical cannabis industry","Dollars","81","millions","6","v1001809223","1.5.1","0","","","","0"
"1987","Canada","2016A000011124","Taxes less subsidies","Non-medical cannabis industry","Dollars","81","millions","6","v1001809228","1.5.2","0","","","","0"
"1988","Canada","2016A000011124","Gross domestic product (GDP)","Medical cannabis industry","Dollars","81","millions","6","v1001809219","1.1.1","0","","","","0"
"1988","Canada","2016A000011124","Gross domestic product (GDP)","Non-medical cannabis industry","Dollars","81","millions","6","v1001809224","1.1.2","2486","","","","0"
"1988","Canada","2016A000011124","Compensation of employees","Medical cannabis industry","Dollars","81","millions","6","v1001809220","1.2.1","0","","","","0"
"1988","Canada","2016A000011124","Compensation of employees","Non-medical cannabis industry","Dollars","81","millions","6","v1001809225","1.2.2","0","","","","0"
"1988","Canada","2016A000011124","Gross operating surplus","Medical cannabis industry","Dollars","81","millions","6","v1001809221","1.3.1","0","","","","0"
"1988","Canada","2016A000011124","Gross operating surplus","Non-medical cannabis industry","Dollars","81","millions","6","v1001809226","1.3.2","0","","","","0"
"1988","Canada","2016A000011124","Mixed income","Medical cannabis industry","Dollars","81","millions","6","v1001809222","1.4.1","0","","","","0"
"1988","Canada","2016A000011124","Mixed income","Non-medical cannabis industry","Dollars","81","millions","6","v1001809227","1.4.2","2486","","","","0"
"1988","Canada","2016A000011124","Taxes less subsidies","Medical cannabis industry","Dollars","81","millions","6","v1001809223","1.5.1","0","","","","0"
"1988","Canada","2016A000011124","Taxes less subsidies","Non-medical cannabis industry","Dollars","81","millions","6","v1001809228","1.5.2","0","","","","0"
"1989","Canada","2016A000011124","Gross domestic product (GDP)","Medical cannabis industry","Dollars","81","millions","6","v1001809219","1.1.1","0","","","","0"
"1989","Canada","2016A000011124","Gross domestic product (GDP)","Non-medical cannabis industry","Dollars","81","millions","6","v1001809224","1.1.2","2542","","","","0"
"1989","Canada","2016A000011124","Compensation of employees","Medical cannabis industry","Dollars","81","millions","6","v1001809220","1.2.1","0","","","","0"
"1989","Canada","2016A000011124","Compensation of employees","Non-medical cannabis industry","Dollars","81","millions","6","v1001809225","1.2.2","0","","","","0"
"1989","Canada","2016A000011124","Gross operating surplus","Medical cannabis industry","Dollars","81","millions","6","v1001809221","1.3.1","0","","","","0"
"1989","Canada","2016A000011124","Gross operating surplus","Non-medical cannabis industry","Dollars","81","millions","6","v1001809226","1.3.2","0","","","","0"
"1989","Canada","2016A000011124","Mixed income","Medical cannabis industry","Dollars","81","millions","6","v1001809222","1.4.1","0","","","","0"
"1989","Canada","2016A000011124","Mixed income","Non-medical cannabis industry","Dollars","81","millions","6","v1001809227","1.4.2","2542","","","","0"
"1989","Canada","2016A000011124","Taxes less subsidies","Medical cannabis industry","Dollars","81","millions","6","v1001809223","1.5.1","0","","","","0"
"1989","Canada","2016A000011124","Taxes less subsidies","Non-medical cannabis industry","Dollars","81","millions","6","v1001809228","1.5.2","0","","","","0"
"1990","Canada","2016A000011124","Gross domestic product (GDP)","Medical cannabis industry","Dollars","81","millions","6","v1001809219","1.1.1","0","","","","0"
"1990","Canada","2016A000011124","Gross domestic product (GDP)","Non-medical cannabis industry","Dollars","81","millions","6","v1001809224","1.1.2","2490","","","","0"
"1990","Canada","2016A000011124","Compensation of employees","Medical cannabis industry","Dollars","81","millions","6","v1001809220","1.2.1","0","","","","0"
"1990","Canada","2016A000011124","Compensation of employees","Non-medical cannabis industry","Dollars","81","millions","6","v1001809225","1.2.2","0","","","","0"
"1990","Canada","2016A000011124","Gross operating surplus","Medical cannabis industry","Dollars","81","millions","6","v1001809221","1.3.1","0","","","","0"
"1990","Canada","2016A000011124","Gross operating surplus","Non-medical cannabis industry","Dollars","81","millions","6","v1001809226","1.3.2","0","","","","0"
"1990","Canada","2016A000011124","Mixed income","Medical cannabis industry","Dollars","81","millions","6","v1001809222","1.4.1","0","","","","0"
"1990","Canada","2016A000011124","Mixed income","Non-medical cannabis industry","Dollars","81","millions","6","v1001809227","1.4.2","2490","","","","0"
"1990","Canada","2016A000011124","Taxes less subsidies","Medical cannabis industry","Dollars","81","millions","6","v1001809223","1.5.1","0","","","","0"
"1990","Canada","2016A000011124","Taxes less subsidies","Non-medical cannabis industry","Dollars","81","millions","6","v1001809228","1.5.2","0","","","","0"
"1991","Canada","2016A000011124","Gross domestic product (GDP)","Medical cannabis industry","Dollars","81","millions","6","v1001809219","1.1.1","0","","","","0"
"1991","Canada","2016A000011124","Gross domestic product (GDP)","Non-medical cannabis industry","Dollars","81","millions","6","v1001809224","1.1.2","2511","","","","0"
"1991","Canada","2016A000011124","Compensation of employees","Medical cannabis industry","Dollars","81","millions","6","v1001809220","1.2.1","0","","","","0"
"1991","Canada","2016A000011124","Compensation of employees","Non-medical cannabis industry","Dollars","81","millions","6","v1001809225","1.2.2","0","","","","0"
"1991","Canada","2016A000011124","Gross operating surplus","Medical cannabis industry","Dollars","81","millions","6","v1001809221","1.3.1","0","","","","0"
"1991","Canada","2016A000011124","Gross operating surplus","Non-medical cannabis industry","Dollars","81","millions","6","v1001809226","1.3.2","0","","","","0"
"1991","Canada","2016A000011124","Mixed income","Medical cannabis industry","Dollars","81","millions","6","v1001809222","1.4.1","0","","","","0"
"1991","Canada","2016A000011124","Mixed income","Non-medical cannabis industry","Dollars","81","millions","6","v1001809227","1.4.2","2511","","","","0"
"1991","Canada","2016A000011124","Taxes less subsidies","Medical cannabis industry","Dollars","81","millions","6","v1001809223","1.5.1","0","","","","0"
"1991","Canada","2016A000011124","Taxes less subsidies","Non-medical cannabis industry","Dollars","81","millions","6","v1001809228","1.5.2","0","","","","0"
"1992","Canada","2016A000011124","Gross domestic product (GDP)","Medical cannabis industry","Dollars","81","millions","6","v1001809219","1.1.1","0","","","","0"
"1992","Canada","2016A000011124","Gross domestic product (GDP)","Non-medical cannabis industry","Dollars","81","millions","6","v1001809224","1.1.2","2405","","","","0"
"1992","Canada","2016A000011124","Compensation of employees","Medical cannabis industry","Dollars","81","millions","6","v1001809220","1.2.1","0","","","","0"
"1992","Canada","2016A000011124","Compensation of employees","Non-medical cannabis industry","Dollars","81","millions","6","v1001809225","1.2.2","0","","","","0"
"1992","Canada","2016A000011124","Gross operating surplus","Medical cannabis industry","Dollars","81","millions","6","v1001809221","1.3.1","0","","","","0"
"1992","Canada","2016A000011124","Gross operating surplus","Non-medical cannabis industry","Dollars","81","millions","6","v1001809226","1.3.2","0","","","","0"
"1992","Canada","2016A000011124","Mixed income","Medical cannabis industry","Dollars","81","millions","6","v1001809222","1.4.1","0","","","","0"
"1992","Canada","2016A000011124","Mixed income","Non-medical cannabis industry","Dollars","81","millions","6","v1001809227","1.4.2","2405","","","","0"
"1992","Canada","2016A000011124","Taxes less subsidies","Medical cannabis industry","Dollars","81","millions","6","v1001809223","1.5.1","0","","","","0"
"1992","Canada","2016A000011124","Taxes less subsidies","Non-medical cannabis industry","Dollars","81","millions","6","v1001809228","1.5.2","0","","","","0"
"1993","Canada","2016A000011124","Gross domestic product (GDP)","Medical cannabis industry","Dollars","81","millions","6","v1001809219","1.1.1","0","","","","0"
"1993","Canada","2016A000011124","Gross domestic product (GDP)","Non-medical cannabis industry","Dollars","81","millions","6","v1001809224","1.1.2","2417","","","","0"
"1993","Canada","2016A000011124","Compensation of employees","Medical cannabis industry","Dollars","81","millions","6","v1001809220","1.2.1","0","","","","0"
"1993","Canada","2016A000011124","Compensation of employees","Non-medical cannabis industry","Dollars","81","millions","6","v1001809225","1.2.2","0","","","","0"
"1993","Canada","2016A000011124","Gross operating surplus","Medical cannabis industry","Dollars","81","millions","6","v1001809221","1.3.1","0","","","","0"
"1993","Canada","2016A000011124","Gross operating surplus","Non-medical cannabis industry","Dollars","81","millions","6","v1001809226","1.3.2","0","","","","0"
"1993","Canada","2016A000011124","Mixed income","Medical cannabis industry","Dollars","81","millions","6","v1001809222","1.4.1","0","","","","0"
"1993","Canada","2016A000011124","Mixed income","Non-medical cannabis industry","Dollars","81","millions","6","v1001809227","1.4.2","2417","","","","0"
"1993","Canada","2016A000011124","Taxes less subsidies","Medical cannabis industry","Dollars","81","millions","6","v1001809223","1.5.1","0","","","","0"
"1993","Canada","2016A000011124","Taxes less subsidies","Non-medical cannabis industry","Dollars","81","millions","6","v1001809228","1.5.2","0","","","","0"
"1994","Canada","2016A000011124","Gross domestic product (GDP)","Medical cannabis industry","Dollars","81","millions","6","v1001809219","1.1.1","0","","","","0"
"1994","Canada","2016A000011124","Gross domestic product (GDP)","Non-medical cannabis industry","Dollars","81","millions","6","v1001809224","1.1.2","2452","","","","0"
"1994","Canada","2016A000011124","Compensation of employees","Medical cannabis industry","Dollars","81","millions","6","v1001809220","1.2.1","0","","","","0"
"1994","Canada","2016A000011124","Compensation of employees","Non-medical cannabis industry","Dollars","81","millions","6","v1001809225","1.2.2","0","","","","0"
"1994","Canada","2016A000011124","Gross operating surplus","Medical cannabis industry","Dollars","81","millions","6","v1001809221","1.3.1","0","","","","0"
"1994","Canada","2016A000011124","Gross operating surplus","Non-medical cannabis industry","Dollars","81","millions","6","v1001809226","1.3.2","0","","","","0"
"1994","Canada","2016A000011124","Mixed income","Medical cannabis industry","Dollars","81","millions","6","v1001809222","1.4.1","0","","","","0"
"1994","Canada","2016A000011124","Mixed income","Non-medical cannabis industry","Dollars","81","millions","6","v1001809227","1.4.2","2452","","","","0"
"1994","Canada","2016A000011124","Taxes less subsidies","Medical cannabis industry","Dollars","81","millions","6","v1001809223","1.5.1","0","","","","0"
"1994","Canada","2016A000011124","Taxes less subsidies","Non-medical cannabis industry","Dollars","81","millions","6","v1001809228","1.5.2","0","","","","0"
"1995","Canada","2016A000011124","Gross domestic product (GDP)","Medical cannabis industry","Dollars","81","millions","6","v1001809219","1.1.1","0","","","","0"
"1995","Canada","2016A000011124","Gross domestic product (GDP)","Non-medical cannabis industry","Dollars","81","millions","6","v1001809224","1.1.2","2621","","","","0"
"1995","Canada","2016A000011124","Compensation of employees","Medical cannabis industry","Dollars","81","millions","6","v1001809220","1.2.1","0","","","","0"
"1995","Canada","2016A000011124","Compensation of employees","Non-medical cannabis industry","Dollars","81","millions","6","v1001809225","1.2.2","0","","","","0"
"1995","Canada","2016A000011124","Gross operating surplus","Medical cannabis industry","Dollars","81","millions","6","v1001809221","1.3.1","0","","","","0"
"1995","Canada","2016A000011124","Gross operating surplus","Non-medical cannabis industry","Dollars","81","millions","6","v1001809226","1.3.2","0","","","","0"
"1995","Canada","2016A000011124","Mixed income","Medical cannabis industry","Dollars","81","millions","6","v1001809222","1.4.1","0","","","","0"
"1995","Canada","2016A000011124","Mixed income","Non-medical cannabis industry","Dollars","81","millions","6","v1001809227","1.4.2","2621","","","","0"
"1995","Canada","2016A000011124","Taxes less subsidies","Medical cannabis industry","Dollars","81","millions","6","v1001809223","1.5.1","0","","","","0"
"1995","Canada","2016A000011124","Taxes less subsidies","Non-medical cannabis industry","Dollars","81","millions","6","v1001809228","1.5.2","0","","","","0"
"1996","Canada","2016A000011124","Gross domestic product (GDP)","Medical cannabis industry","Dollars","81","millions","6","v1001809219","1.1.1","0","","","","0"
"1996","Canada","2016A000011124","Gross domestic product (GDP)","Non-medical cannabis industry","Dollars","81","millions","6","v1001809224","1.1.2","2782","","","","0"
"1996","Canada","2016A000011124","Compensation of employees","Medical cannabis industry","Dollars","81","millions","6","v1001809220","1.2.1","0","","","","0"
"1996","Canada","2016A000011124","Compensation of employees","Non-medical cannabis industry","Dollars","81","millions","6","v1001809225","1.2.2","0","","","","0"
"1996","Canada","2016A000011124","Gross operating surplus","Medical cannabis industry","Dollars","81","millions","6","v1001809221","1.3.1","0","","","","0"
"1996","Canada","2016A000011124","Gross operating surplus","Non-medical cannabis industry","Dollars","81","millions","6","v1001809226","1.3.2","0","","","","0"
"1996","Canada","2016A000011124","Mixed income","Medical cannabis industry","Dollars","81","millions","6","v1001809222","1.4.1","0","","","","0"
"1996","Canada","2016A000011124","Mixed income","Non-medical cannabis industry","Dollars","81","millions","6","v1001809227","1.4.2","2782","","","","0"
"1996","Canada","2016A000011124","Taxes less subsidies","Medical cannabis industry","Dollars","81","millions","6","v1001809223","1.5.1","0","","","","0"
"1996","Canada","2016A000011124","Taxes less subsidies","Non-medical cannabis industry","Dollars","81","millions","6","v1001809228","1.5.2","0","","","","0"
"1997","Canada","2016A000011124","Gross domestic product (GDP)","Medical cannabis industry","Dollars","81","millions","6","v1001809219","1.1.1","0","","","","0"
"1997","Canada","2016A000011124","Gross domestic product (GDP)","Non-medical cannabis industry","Dollars","81","millions","6","v1001809224","1.1.2","2995","","","","0"
"1997","Canada","2016A000011124","Compensation of employees","Medical cannabis industry","Dollars","81","millions","6","v1001809220","1.2.1","0","","","","0"
"1997","Canada","2016A000011124","Compensation of employees","Non-medical cannabis industry","Dollars","81","millions","6","v1001809225","1.2.2","0","","","","0"
"1997","Canada","2016A000011124","Gross operating surplus","Medical cannabis industry","Dollars","81","millions","6","v1001809221","1.3.1","0","","","","0"
"1997","Canada","2016A000011124","Gross operating surplus","Non-medical cannabis industry","Dollars","81","millions","6","v1001809226","1.3.2","0","","","","0"
"1997","Canada","2016A000011124","Mixed income","Medical cannabis industry","Dollars","81","millions","6","v1001809222","1.4.1","0","","","","0"
"1997","Canada","2016A000011124","Mixed income","Non-medical cannabis industry","Dollars","81","millions","6","v1001809227","1.4.2","2995","","","","0"
"1997","Canada","2016A000011124","Taxes less subsidies","Medical cannabis industry","Dollars","81","millions","6","v1001809223","1.5.1","0","","","","0"
"1997","Canada","2016A000011124","Taxes less subsidies","Non-medical cannabis industry","Dollars","81","millions","6","v1001809228","1.5.2","0","","","","0"
"1998","Canada","2016A000011124","Gross domestic product (GDP)","Medical cannabis industry","Dollars","81","millions","6","v1001809219","1.1.1","0","","","","0"
"1998","Canada","2016A000011124","Gross domestic product (GDP)","Non-medical cannabis industry","Dollars","81","millions","6","v1001809224","1.1.2","3244","","","","0"
"1998","Canada","2016A000011124","Compensation of employees","Medical cannabis industry","Dollars","81","millions","6","v1001809220","1.2.1","0","","","","0"
"1998","Canada","2016A000011124","Compensation of employees","Non-medical cannabis industry","Dollars","81","millions","6","v1001809225","1.2.2","0","","","","0"
"1998","Canada","2016A000011124","Gross operating surplus","Medical cannabis industry","Dollars","81","millions","6","v1001809221","1.3.1","0","","","","0"
"1998","Canada","2016A000011124","Gross operating surplus","Non-medical cannabis industry","Dollars","81","millions","6","v1001809226","1.3.2","0","","","","0"
"1998","Canada","2016A000011124","Mixed income","Medical cannabis industry","Dollars","81","millions","6","v1001809222","1.4.1","0","","","","0"
"1998","Canada","2016A000011124","Mixed income","Non-medical cannabis industry","Dollars","81","millions","6","v1001809227","1.4.2","3244","","","","0"
"1998","Canada","2016A000011124","Taxes less subsidies","Medical cannabis industry","Dollars","81","millions","6","v1001809223","1.5.1","0","","","","0"
"1998","Canada","2016A000011124","Taxes less subsidies","Non-medical cannabis industry","Dollars","81","millions","6","v1001809228","1.5.2","0","","","","0"
"1999","Canada","2016A000011124","Gross domestic product (GDP)","Medical cannabis industry","Dollars","81","millions","6","v1001809219","1.1.1","0","","","","0"
"1999","Canada","2016A000011124","Gross domestic product (GDP)","Non-medical cannabis industry","Dollars","81","millions","6","v1001809224","1.1.2","3459","","","","0"
"1999","Canada","2016A000011124","Compensation of employees","Medical cannabis industry","Dollars","81","millions","6","v1001809220","1.2.1","0","","","","0"
"1999","Canada","2016A000011124","Compensation of employees","Non-medical cannabis industry","Dollars","81","millions","6","v1001809225","1.2.2","0","","","","0"
"1999","Canada","2016A000011124","Gross operating surplus","Medical cannabis industry","Dollars","81","millions","6","v1001809221","1.3.1","0","","","","0"
"1999","Canada","2016A000011124","Gross operating surplus","Non-medical cannabis industry","Dollars","81","millions","6","v1001809226","1.3.2","0","","","","0"
"1999","Canada","2016A000011124","Mixed income","Medical cannabis industry","Dollars","81","millions","6","v1001809222","1.4.1","0","","","","0"
"1999","Canada","2016A000011124","Mixed income","Non-medical cannabis industry","Dollars","81","millions","6","v1001809227","1.4.2","3459","","","","0"
"1999","Canada","2016A000011124","Taxes less subsidies","Medical cannabis industry","Dollars","81","millions","6","v1001809223","1.5.1","0","","","","0"
"1999","Canada","2016A000011124","Taxes less subsidies","Non-medical cannabis industry","Dollars","81","millions","6","v1001809228","1.5.2","0","","","","0"
"2000","Canada","2016A000011124","Gross domestic product (GDP)","Medical cannabis industry","Dollars","81","millions","6","v1001809219","1.1.1","0","","","","0"
"2000","Canada","2016A000011124","Gross domestic product (GDP)","Non-medical cannabis industry","Dollars","81","millions","6","v1001809224","1.1.2","3680","","","","0"
"2000","Canada","2016A000011124","Compensation of employees","Medical cannabis industry","Dollars","81","millions","6","v1001809220","1.2.1","0","","","","0"
"2000","Canada","2016A000011124","Compensation of employees","Non-medical cannabis industry","Dollars","81","millions","6","v1001809225","1.2.2","0","","","","0"
"2000","Canada","2016A000011124","Gross operating surplus","Medical cannabis industry","Dollars","81","millions","6","v1001809221","1.3.1","0","","","","0"
"2000","Canada","2016A000011124","Gross operating surplus","Non-medical cannabis industry","Dollars","81","millions","6","v1001809226","1.3.2","0","","","","0"
"2000","Canada","2016A000011124","Mixed income","Medical cannabis industry","Dollars","81","millions","6","v1001809222","1.4.1","0","","","","0"
"2000","Canada","2016A000011124","Mixed income","Non-medical cannabis industry","Dollars","81","millions","6","v1001809227","1.4.2","3680","","","","0"
"2000","Canada","2016A000011124","Taxes less subsidies","Medical cannabis industry","Dollars","81","millions","6","v1001809223","1.5.1","0","","","","0"
"2000","Canada","2016A000011124","Taxes less subsidies","Non-medical cannabis industry","Dollars","81","millions","6","v1001809228","1.5.2","0","","","","0"
"2001","Canada","2016A000011124","Gross domestic product (GDP)","Medical cannabis industry","Dollars","81","millions","6","v1001809219","1.1.1","0","","","","0"
"2001","Canada","2016A000011124","Gross domestic product (GDP)","Non-medical cannabis industry","Dollars","81","millions","6","v1001809224","1.1.2","4030","","","","0"
"2001","Canada","2016A000011124","Compensation of employees","Medical cannabis industry","Dollars","81","millions","6","v1001809220","1.2.1","0","","","","0"
"2001","Canada","2016A000011124","Compensation of employees","Non-medical cannabis industry","Dollars","81","millions","6","v1001809225","1.2.2","0","","","","0"
"2001","Canada","2016A000011124","Gross operating surplus","Medical cannabis industry","Dollars","81","millions","6","v1001809221","1.3.1","0","","","","0"
"2001","Canada","2016A000011124","Gross operating surplus","Non-medical cannabis industry","Dollars","81","millions","6","v1001809226","1.3.2","0","","","","0"
"2001","Canada","2016A000011124","Mixed income","Medical cannabis industry","Dollars","81","millions","6","v1001809222","1.4.1","0","","","","0"
"2001","Canada","2016A000011124","Mixed income","Non-medical cannabis industry","Dollars","81","millions","6","v1001809227","1.4.2","4030","","","","0"
"2001","Canada","2016A000011124","Taxes less subsidies","Medical cannabis industry","Dollars","81","millions","6","v1001809223","1.5.1","0","","","","0"
"2001","Canada","2016A000011124","Taxes less subsidies","Non-medical cannabis industry","Dollars","81","millions","6","v1001809228","1.5.2","0","","","","0"
"2002","Canada","2016A000011124","Gross domestic product (GDP)","Medical cannabis industry","Dollars","81","millions","6","v1001809219","1.1.1","0","","","","0"
"2002","Canada","2016A000011124","Gross domestic product (GDP)","Non-medical cannabis industry","Dollars","81","millions","6","v1001809224","1.1.2","4235","","","","0"
"2002","Canada","2016A000011124","Compensation of employees","Medical cannabis industry","Dollars","81","millions","6","v1001809220","1.2.1","0","","","","0"
"2002","Canada","2016A000011124","Compensation of employees","Non-medical cannabis industry","Dollars","81","millions","6","v1001809225","1.2.2","0","","","","0"
"2002","Canada","2016A000011124","Gross operating surplus","Medical cannabis industry","Dollars","81","millions","6","v1001809221","1.3.1","0","","","","0"
"2002","Canada","2016A000011124","Gross operating surplus","Non-medical cannabis industry","Dollars","81","millions","6","v1001809226","1.3.2","0","","","","0"
"2002","Canada","2016A000011124","Mixed income","Medical cannabis industry","Dollars","81","millions","6","v1001809222","1.4.1","0","","","","0"
"2002","Canada","2016A000011124","Mixed income","Non-medical cannabis industry","Dollars","81","millions","6","v1001809227","1.4.2","4235","","","","0"
"2002","Canada","2016A000011124","Taxes less subsidies","Medical cannabis industry","Dollars","81","millions","6","v1001809223","1.5.1","0","","","","0"
"2002","Canada","2016A000011124","Taxes less subsidies","Non-medical cannabis industry","Dollars","81","millions","6","v1001809228","1.5.2","0","","","","0"
"2003","Canada","2016A000011124","Gross domestic product (GDP)","Medical cannabis industry","Dollars","81","millions","6","v1001809219","1.1.1","0","","","","0"
"2003","Canada","2016A000011124","Gross domestic product (GDP)","Non-medical cannabis industry","Dollars","81","millions","6","v1001809224","1.1.2","4425","","","","0"
"2003","Canada","2016A000011124","Compensation of employees","Medical cannabis industry","Dollars","81","millions","6","v1001809220","1.2.1","0","","","","0"
"2003","Canada","2016A000011124","Compensation of employees","Non-medical cannabis industry","Dollars","81","millions","6","v1001809225","1.2.2","0","","","","0"
"2003","Canada","2016A000011124","Gross operating surplus","Medical cannabis industry","Dollars","81","millions","6","v1001809221","1.3.1","0","","","","0"
"2003","Canada","2016A000011124","Gross operating surplus","Non-medical cannabis industry","Dollars","81","millions","6","v1001809226","1.3.2","0","","","","0"
"2003","Canada","2016A000011124","Mixed income","Medical cannabis industry","Dollars","81","millions","6","v1001809222","1.4.1","0","","","","0"
"2003","Canada","2016A000011124","Mixed income","Non-medical cannabis industry","Dollars","81","millions","6","v1001809227","1.4.2","4425","","","","0"
"2003","Canada","2016A000011124","Taxes less subsidies","Medical cannabis industry","Dollars","81","millions","6","v1001809223","1.5.1","0","","","","0"
"2003","Canada","2016A000011124","Taxes less subsidies","Non-medical cannabis industry","Dollars","81","millions","6","v1001809228","1.5.2","0","","","","0"
"2004","Canada","2016A000011124","Gross domestic product (GDP)","Medical cannabis industry","Dollars","81","millions","6","v1001809219","1.1.1","0","","","","0"
"2004","Canada","2016A000011124","Gross domestic product (GDP)","Non-medical cannabis industry","Dollars","81","millions","6","v1001809224","1.1.2","4545","","","","0"
"2004","Canada","2016A000011124","Compensation of employees","Medical cannabis industry","Dollars","81","millions","6","v1001809220","1.2.1","0","","","","0"
"2004","Canada","2016A000011124","Compensation of employees","Non-medical cannabis industry","Dollars","81","millions","6","v1001809225","1.2.2","0","","","","0"
"2004","Canada","2016A000011124","Gross operating surplus","Medical cannabis industry","Dollars","81","millions","6","v1001809221","1.3.1","0","","","","0"
"2004","Canada","2016A000011124","Gross operating surplus","Non-medical cannabis industry","Dollars","81","millions","6","v1001809226","1.3.2","0","","","","0"
"2004","Canada","2016A000011124","Mixed income","Medical cannabis industry","Dollars","81","millions","6","v1001809222","1.4.1","0","","","","0"
"2004","Canada","2016A000011124","Mixed income","Non-medical cannabis industry","Dollars","81","millions","6","v1001809227","1.4.2","4545","","","","0"
"2004","Canada","2016A000011124","Taxes less subsidies","Medical cannabis industry","Dollars","81","millions","6","v1001809223","1.5.1","0","","","","0"
"2004","Canada","2016A000011124","Taxes less subsidies","Non-medical cannabis industry","Dollars","81","millions","6","v1001809228","1.5.2","0","","","","0"
"2005","Canada","2016A000011124","Gross domestic product (GDP)","Medical cannabis industry","Dollars","81","millions","6","v1001809219","1.1.1","0","","","","0"
"2005","Canada","2016A000011124","Gross domestic product (GDP)","Non-medical cannabis industry","Dollars","81","millions","6","v1001809224","1.1.2","4544","","","","0"
"2005","Canada","2016A000011124","Compensation of employees","Medical cannabis industry","Dollars","81","millions","6","v1001809220","1.2.1","0","","","","0"
"2005","Canada","2016A000011124","Compensation of employees","Non-medical cannabis industry","Dollars","81","millions","6","v1001809225","1.2.2","0","","","","0"
"2005","Canada","2016A000011124","Gross operating surplus","Medical cannabis industry","Dollars","81","millions","6","v1001809221","1.3.1","0","","","","0"
"2005","Canada","2016A000011124","Gross operating surplus","Non-medical cannabis industry","Dollars","81","millions","6","v1001809226","1.3.2","0","","","","0"
"2005","Canada","2016A000011124","Mixed income","Medical cannabis industry","Dollars","81","millions","6","v1001809222","1.4.1","0","","","","0"
"2005","Canada","2016A000011124","Mixed income","Non-medical cannabis industry","Dollars","81","millions","6","v1001809227","1.4.2","4544","","","","0"
"2005","Canada","2016A000011124","Taxes less subsidies","Medical cannabis industry","Dollars","81","millions","6","v1001809223","1.5.1","0","","","","0"
"2005","Canada","2016A000011124","Taxes less subsidies","Non-medical cannabis industry","Dollars","81","millions","6","v1001809228","1.5.2","0","","","","0"
"2006","Canada","2016A000011124","Gross domestic product (GDP)","Medical cannabis industry","Dollars","81","millions","6","v1001809219","1.1.1","0","","","","0"
"2006","Canada","2016A000011124","Gross domestic product (GDP)","Non-medical cannabis industry","Dollars","81","millions","6","v1001809224","1.1.2","4367","","","","0"
"2006","Canada","2016A000011124","Compensation of employees","Medical cannabis industry","Dollars","81","millions","6","v1001809220","1.2.1","0","","","","0"
"2006","Canada","2016A000011124","Compensation of employees","Non-medical cannabis industry","Dollars","81","millions","6","v1001809225","1.2.2","0","","","","0"
"2006","Canada","2016A000011124","Gross operating surplus","Medical cannabis industry","Dollars","81","millions","6","v1001809221","1.3.1","0","","","","0"
"2006","Canada","2016A000011124","Gross operating surplus","Non-medical cannabis industry","Dollars","81","millions","6","v1001809226","1.3.2","0","","","","0"
"2006","Canada","2016A000011124","Mixed income","Medical cannabis industry","Dollars","81","millions","6","v1001809222","1.4.1","0","","","","0"
"2006","Canada","2016A000011124","Mixed income","Non-medical cannabis industry","Dollars","81","millions","6","v1001809227","1.4.2","4367","","","","0"
"2006","Canada","2016A000011124","Taxes less subsidies","Medical cannabis industry","Dollars","81","millions","6","v1001809223","1.5.1","0","","","","0"
"2006","Canada","2016A000011124","Taxes less subsidies","Non-medical cannabis industry","Dollars","81","millions","6","v1001809228","1.5.2","0","","","","0"
"2007","Canada","2016A000011124","Gross domestic product (GDP)","Medical cannabis industry","Dollars","81","millions","6","v1001809219","1.1.1","0","","","","0"
"2007","Canada","2016A000011124","Gross domestic product (GDP)","Non-medical cannabis industry","Dollars","81","millions","6","v1001809224","1.1.2","4127","","","","0"
"2007","Canada","2016A000011124","Compensation of employees","Medical cannabis industry","Dollars","81","millions","6","v1001809220","1.2.1","0","","","","0"
"2007","Canada","2016A000011124","Compensation of employees","Non-medical cannabis industry","Dollars","81","millions","6","v1001809225","1.2.2","0","","","","0"
"2007","Canada","2016A000011124","Gross operating surplus","Medical cannabis industry","Dollars","81","millions","6","v1001809221","1.3.1","0","","","","0"
"2007","Canada","2016A000011124","Gross operating surplus","Non-medical cannabis industry","Dollars","81","millions","6","v1001809226","1.3.2","0","","","","0"
"2007","Canada","2016A000011124","Mixed income","Medical cannabis industry","Dollars","81","millions","6","v1001809222","1.4.1","0","","","","0"
"2007","Canada","2016A000011124","Mixed income","Non-medical cannabis industry","Dollars","81","millions","6","v1001809227","1.4.2","4127","","","","0"
"2007","Canada","2016A000011124","Taxes less subsidies","Medical cannabis industry","Dollars","81","millions","6","v1001809223","1.5.1","0","","","","0"
"2007","Canada","2016A000011124","Taxes less subsidies","Non-medical cannabis industry","Dollars","81","millions","6","v1001809228","1.5.2","0","","","","0"
"2008","Canada","2016A000011124","Gross domestic product (GDP)","Medical cannabis industry","Dollars","81","millions","6","v1001809219","1.1.1","1","","","","0"
"2008","Canada","2016A000011124","Gross domestic product (GDP)","Non-medical cannabis industry","Dollars","81","millions","6","v1001809224","1.1.2","4117","","","","0"
"2008","Canada","2016A000011124","Compensation of employees","Medical cannabis industry","Dollars","81","millions","6","v1001809220","1.2.1","0","","","","0"
"2008","Canada","2016A000011124","Compensation of employees","Non-medical cannabis industry","Dollars","81","millions","6","v1001809225","1.2.2","0","","","","0"
"2008","Canada","2016A000011124","Gross operating surplus","Medical cannabis industry","Dollars","81","millions","6","v1001809221","1.3.1","0","","","","0"
"2008","Canada","2016A000011124","Gross operating surplus","Non-medical cannabis industry","Dollars","81","millions","6","v1001809226","1.3.2","0","","","","0"
"2008","Canada","2016A000011124","Mixed income","Medical cannabis industry","Dollars","81","millions","6","v1001809222","1.4.1","0","","","","0"
"2008","Canada","2016A000011124","Mixed income","Non-medical cannabis industry","Dollars","81","millions","6","v1001809227","1.4.2","4117","","","","0"
"2008","Canada","2016A000011124","Taxes less subsidies","Medical cannabis industry","Dollars","81","millions","6","v1001809223","1.5.1","0","","","","0"
"2008","Canada","2016A000011124","Taxes less subsidies","Non-medical cannabis industry","Dollars","81","millions","6","v1001809228","1.5.2","0","","","","0"
"2009","Canada","2016A000011124","Gross domestic product (GDP)","Medical cannabis industry","Dollars","81","millions","6","v1001809219","1.1.1","1","","","","0"
"2009","Canada","2016A000011124","Gross domestic product (GDP)","Non-medical cannabis industry","Dollars","81","millions","6","v1001809224","1.1.2","3968","","","","0"
"2009","Canada","2016A000011124","Compensation of employees","Medical cannabis industry","Dollars","81","millions","6","v1001809220","1.2.1","1","","","","0"
"2009","Canada","2016A000011124","Compensation of employees","Non-medical cannabis industry","Dollars","81","millions","6","v1001809225","1.2.2","0","","","","0"
"2009","Canada","2016A000011124","Gross operating surplus","Medical cannabis industry","Dollars","81","millions","6","v1001809221","1.3.1","0","","","","0"
"2009","Canada","2016A000011124","Gross operating surplus","Non-medical cannabis industry","Dollars","81","millions","6","v1001809226","1.3.2","0","","","","0"
"2009","Canada","2016A000011124","Mixed income","Medical cannabis industry","Dollars","81","millions","6","v1001809222","1.4.1","0","","","","0"
"2009","Canada","2016A000011124","Mixed income","Non-medical cannabis industry","Dollars","81","millions","6","v1001809227","1.4.2","3968","","","","0"
"2009","Canada","2016A000011124","Taxes less subsidies","Medical cannabis industry","Dollars","81","millions","6","v1001809223","1.5.1","0","","","","0"
"2009","Canada","2016A000011124","Taxes less subsidies","Non-medical cannabis industry","Dollars","81","millions","6","v1001809228","1.5.2","0","","","","0"
"2010","Canada","2016A000011124","Gross domestic product (GDP)","Medical cannabis industry","Dollars","81","millions","6","v1001809219","1.1.1","1","","","","0"
"2010","Canada","2016A000011124","Gross domestic product (GDP)","Non-medical cannabis industry","Dollars","81","millions","6","v1001809224","1.1.2","3915","","","","0"
"2010","Canada","2016A000011124","Compensation of employees","Medical cannabis industry","Dollars","81","millions","6","v1001809220","1.2.1","1","","","","0"
"2010","Canada","2016A000011124","Compensation of employees","Non-medical cannabis industry","Dollars","81","millions","6","v1001809225","1.2.2","0","","","","0"
"2010","Canada","2016A000011124","Gross operating surplus","Medical cannabis industry","Dollars","81","millions","6","v1001809221","1.3.1","0","","","","0"
"2010","Canada","2016A000011124","Gross operating surplus","Non-medical cannabis industry","Dollars","81","millions","6","v1001809226","1.3.2","0","","","","0"
"2010","Canada","2016A000011124","Mixed income","Medical cannabis industry","Dollars","81","millions","6","v1001809222","1.4.1","0","","","","0"
"2010","Canada","2016A000011124","Mixed income","Non-medical cannabis industry","Dollars","81","millions","6","v1001809227","1.4.2","3915","","","","0"
"2010","Canada","2016A000011124","Taxes less subsidies","Medical cannabis industry","Dollars","81","millions","6","v1001809223","1.5.1","0","","","","0"
"2010","Canada","2016A000011124","Taxes less subsidies","Non-medical cannabis industry","Dollars","81","millions","6","v1001809228","1.5.2","0","","","","0"
"2011","Canada","2016A000011124","Gross domestic product (GDP)","Medical cannabis industry","Dollars","81","millions","6","v1001809219","1.1.1","2","","","","0"
"2011","Canada","2016A000011124","Gross domestic product (GDP)","Non-medical cannabis industry","Dollars","81","millions","6","v1001809224","1.1.2","4139","","","","0"
"2011","Canada","2016A000011124","Compensation of employees","Medical cannabis industry","Dollars","81","millions","6","v1001809220","1.2.1","1","","","","0"
"2011","Canada","2016A000011124","Compensation of employees","Non-medical cannabis industry","Dollars","81","millions","6","v1001809225","1.2.2","0","","","","0"
"2011","Canada","2016A000011124","Gross operating surplus","Medical cannabis industry","Dollars","81","millions","6","v1001809221","1.3.1","0","","","","0"
"2011","Canada","2016A000011124","Gross operating surplus","Non-medical cannabis industry","Dollars","81","millions","6","v1001809226","1.3.2","0","","","","0"
"2011","Canada","2016A000011124","Mixed income","Medical cannabis industry","Dollars","81","millions","6","v1001809222","1.4.1","0","","","","0"
"2011","Canada","2016A000011124","Mixed income","Non-medical cannabis industry","Dollars","81","millions","6","v1001809227","1.4.2","4139","","","","0"
"2011","Canada","2016A000011124","Taxes less subsidies","Medical cannabis industry","Dollars","81","millions","6","v1001809223","1.5.1","0","","","","0"
"2011","Canada","2016A000011124","Taxes less subsidies","Non-medical cannabis industry","Dollars","81","millions","6","v1001809228","1.5.2","0","","","","0"
"2012","Canada","2016A000011124","Gross domestic product (GDP)","Medical cannabis industry","Dollars","81","millions","6","v1001809219","1.1.1","2","","","","0"
"2012","Canada","2016A000011124","Gross domestic product (GDP)","Non-medical cannabis industry","Dollars","81","millions","6","v1001809224","1.1.2","4394","","","","0"
"2012","Canada","2016A000011124","Compensation of employees","Medical cannabis industry","Dollars","81","millions","6","v1001809220","1.2.1","1","","","","0"
"2012","Canada","2016A000011124","Compensation of employees","Non-medical cannabis industry","Dollars","81","millions","6","v1001809225","1.2.2","0","","","","0"
"2012","Canada","2016A000011124","Gross operating surplus","Medical cannabis industry","Dollars","81","millions","6","v1001809221","1.3.1","1","","","","0"
"2012","Canada","2016A000011124","Gross operating surplus","Non-medical cannabis industry","Dollars","81","millions","6","v1001809226","1.3.2","0","","","","0"
"2012","Canada","2016A000011124","Mixed income","Medical cannabis industry","Dollars","81","millions","6","v1001809222","1.4.1","0","","","","0"
"2012","Canada","2016A000011124","Mixed income","Non-medical cannabis industry","Dollars","81","millions","6","v1001809227","1.4.2","4394","","","","0"
"2012","Canada","2016A000011124","Taxes less subsidies","Medical cannabis industry","Dollars","81","millions","6","v1001809223","1.5.1","0","","","","0"
"2012","Canada","2016A000011124","Taxes less subsidies","Non-medical cannabis industry","Dollars","81","millions","6","v1001809228","1.5.2","0","","","","0"
"2013","Canada","2016A000011124","Gross domestic product (GDP)","Medical cannabis industry","Dollars","81","millions","6","v1001809219","1.1.1","4","","","","0"
"2013","Canada","2016A000011124","Gross domestic product (GDP)","Non-medical cannabis industry","Dollars","81","millions","6","v1001809224","1.1.2","4714","","","","0"
"2013","Canada","2016A000011124","Compensation of employees","Medical cannabis industry","Dollars","81","millions","6","v1001809220","1.2.1","2","","","","0"
"2013","Canada","2016A000011124","Compensation of employees","Non-medical cannabis industry","Dollars","81","millions","6","v1001809225","1.2.2","0","","","","0"
"2013","Canada","2016A000011124","Gross operating surplus","Medical cannabis industry","Dollars","81","millions","6","v1001809221","1.3.1","1","","","","0"
"2013","Canada","2016A000011124","Gross operating surplus","Non-medical cannabis industry","Dollars","81","millions","6","v1001809226","1.3.2","0","","","","0"
"2013","Canada","2016A000011124","Mixed income","Medical cannabis industry","Dollars","81","millions","6","v1001809222","1.4.1","0","","","","0"
"2013","Canada","2016A000011124","Mixed income","Non-medical cannabis industry","Dollars","81","millions","6","v1001809227","1.4.2","4714","","","","0"
"2013","Canada","2016A000011124","Taxes less subsidies","Medical cannabis industry","Dollars","81","millions","6","v1001809223","1.5.1","0","","","","0"
"2013","Canada","2016A000011124","Taxes less subsidies","Non-medical cannabis industry","Dollars","81","millions","6","v1001809228","1.5.2","0","","","","0"
"2014","Canada","2016A000011124","Gross domestic product (GDP)","Medical cannabis industry","Dollars","81","millions","6","v1001809219","1.1.1","8","","","","0"
"2014","Canada","2016A000011124","Gross domestic product (GDP)","Non-medical cannabis industry","Dollars","81","millions","6","v1001809224","1.1.2","4707","","","","0"
"2014","Canada","2016A000011124","Compensation of employees","Medical cannabis industry","Dollars","81","millions","6","v1001809220","1.2.1","5","","","","0"
"2014","Canada","2016A000011124","Compensation of employees","Non-medical cannabis industry","Dollars","81","millions","6","v1001809225","1.2.2","0","","","","0"
"2014","Canada","2016A000011124","Gross operating surplus","Medical cannabis industry","Dollars","81","millions","6","v1001809221","1.3.1","2","","","","0"
"2014","Canada","2016A000011124","Gross operating surplus","Non-medical cannabis industry","Dollars","81","millions","6","v1001809226","1.3.2","0","","","","0"
"2014","Canada","2016A000011124","Mixed income","Medical cannabis industry","Dollars","81","millions","6","v1001809222","1.4.1","1","","","","0"
"2014","Canada","2016A000011124","Mixed income","Non-medical cannabis industry","Dollars","81","millions","6","v1001809227","1.4.2","4707","","","","0"
"2014","Canada","2016A000011124","Taxes less subsidies","Medical cannabis industry","Dollars","81","millions","6","v1001809223","1.5.1","0","","","","0"
"2014","Canada","2016A000011124","Taxes less subsidies","Non-medical cannabis industry","Dollars","81","millions","6","v1001809228","1.5.2","0","","","","0"
"2015","Canada","2016A000011124","Gross domestic product (GDP)","Medical cannabis industry","Dollars","81","millions","6","v1001809219","1.1.1","14","","","","0"
"2015","Canada","2016A000011124","Gross domestic product (GDP)","Non-medical cannabis industry","Dollars","81","millions","6","v1001809224","1.1.2","4605","","","","0"
"2015","Canada","2016A000011124","Compensation of employees","Medical cannabis industry","Dollars","81","millions","6","v1001809220","1.2.1","8","","","","0"
"2015","Canada","2016A000011124","Compensation of employees","Non-medical cannabis industry","Dollars","81","millions","6","v1001809225","1.2.2","0","","","","0"
"2015","Canada","2016A000011124","Gross operating surplus","Medical cannabis industry","Dollars","81","millions","6","v1001809221","1.3.1","3","","","","0"
"2015","Canada","2016A000011124","Gross operating surplus","Non-medical cannabis industry","Dollars","81","millions","6","v1001809226","1.3.2","0","","","","0"
"2015","Canada","2016A000011124","Mixed income","Medical cannabis industry","Dollars","81","millions","6","v1001809222","1.4.1","2","","","","0"
"2015","Canada","2016A000011124","Mixed income","Non-medical cannabis industry","Dollars","81","millions","6","v1001809227","1.4.2","4605","","","","0"
"2015","Canada","2016A000011124","Taxes less subsidies","Medical cannabis industry","Dollars","81","millions","6","v1001809223","1.5.1","0","","","","0"
"2015","Canada","2016A000011124","Taxes less subsidies","Non-medical cannabis industry","Dollars","81","millions","6","v1001809228","1.5.2","0","","","","0"
"2016","Canada","2016A000011124","Gross domestic product (GDP)","Medical cannabis industry","Dollars","81","millions","6","v1001809219","1.1.1","49","","","","0"
"2016","Canada","2016A000011124","Gross domestic product (GDP)","Non-medical cannabis industry","Dollars","81","millions","6","v1001809224","1.1.2","4392","","","","0"
"2016","Canada","2016A000011124","Compensation of employees","Medical cannabis industry","Dollars","81","millions","6","v1001809220","1.2.1","30","","","","0"
"2016","Canada","2016A000011124","Compensation of employees","Non-medical cannabis industry","Dollars","81","millions","6","v1001809225","1.2.2","0","","","","0"
"2016","Canada","2016A000011124","Gross operating surplus","Medical cannabis industry","Dollars","81","millions","6","v1001809221","1.3.1","12","","","","0"
"2016","Canada","2016A000011124","Gross operating surplus","Non-medical cannabis industry","Dollars","81","millions","6","v1001809226","1.3.2","0","","","","0"
"2016","Canada","2016A000011124","Mixed income","Medical cannabis industry","Dollars","81","millions","6","v1001809222","1.4.1","7","","","","0"
"2016","Canada","2016A000011124","Mixed income","Non-medical cannabis industry","Dollars","81","millions","6","v1001809227","1.4.2","4392","","","","0"
"2016","Canada","2016A000011124","Taxes less subsidies","Medical cannabis industry","Dollars","81","millions","6","v1001809223","1.5.1","1","","","","0"
"2016","Canada","2016A000011124","Taxes less subsidies","Non-medical cannabis industry","Dollars","81","millions","6","v1001809228","1.5.2","0","","","","0"
"2017","Canada","2016A000011124","Gross domestic product (GDP)","Medical cannabis industry","Dollars","81","millions","6","v1001809219","1.1.1","102","","","","0"
"2017","Canada","2016A000011124","Gross domestic product (GDP)","Non-medical cannabis industry","Dollars","81","millions","6","v1001809224","1.1.2","3974","","","","0"
"2017","Canada","2016A000011124","Compensation of employees","Medical cannabis industry","Dollars","81","millions","6","v1001809220","1.2.1","61","","","","0"
"2017","Canada","2016A000011124","Compensation of employees","Non-medical cannabis industry","Dollars","81","millions","6","v1001809225","1.2.2","0","","","","0"
"2017","Canada","2016A000011124","Gross operating surplus","Medical cannabis industry","Dollars","81","millions","6","v1001809221","1.3.1","25","","","","0"
"2017","Canada","2016A000011124","Gross operating surplus","Non-medical cannabis industry","Dollars","81","millions","6","v1001809226","1.3.2","0","","","","0"
"2017","Canada","2016A000011124","Mixed income","Medical cannabis industry","Dollars","81","millions","6","v1001809222","1.4.1","14","","","","0"
"2017","Canada","2016A000011124","Mixed income","Non-medical cannabis industry","Dollars","81","millions","6","v1001809227","1.4.2","3974","","","","0"
"2017","Canada","2016A000011124","Taxes less subsidies","Medical cannabis industry","Dollars","81","millions","6","v1001809223","1.5.1","1","","","","0"
"2017","Canada","2016A000011124","Taxes less subsidies","Non-medical cannabis industry","Dollars","81","millions","6","v1001809228","1.5.2","0","","","","0"
"2018","Canada","2016A000011124","Gross domestic product (GDP)","Medical cannabis industry","Dollars","81","millions","6","v1001809219","1.1.1","1654","","","","0"
"2018","Canada","2016A000011124","Gross domestic product (GDP)","Non-medical cannabis industry","Dollars","81","millions","6","v1001809224","1.1.2","4056","","","","0"
"2018","Canada","2016A000011124","Compensation of employees","Medical cannabis industry","Dollars","81","millions","6","v1001809220","1.2.1","395","","","","0"
"2018","Canada","2016A000011124","Compensation of employees","Non-medical cannabis industry","Dollars","81","millions","6","v1001809225","1.2.2","0","","","","0"
"2018","Canada","2016A000011124","Gross operating surplus","Medical cannabis industry","Dollars","81","millions","6","v1001809221","1.3.1","1161","","","","0"
"2018","Canada","2016A000011124","Gross operating surplus","Non-medical cannabis industry","Dollars","81","millions","6","v1001809226","1.3.2","0","","","","0"
"2018","Canada","2016A000011124","Mixed income","Medical cannabis industry","Dollars","81","millions","6","v1001809222","1.4.1","89","","","","0"
"2018","Canada","2016A000011124","Mixed income","Non-medical cannabis industry","Dollars","81","millions","6","v1001809227","1.4.2","4056","","","","0"
"2018","Canada","2016A000011124","Taxes less subsidies","Medical cannabis industry","Dollars","81","millions","6","v1001809223","1.5.1","9","","","","0"
"2018","Canada","2016A000011124","Taxes less subsidies","Non-medical cannabis industry","Dollars","81","millions","6","v1001809228","1.5.2","0","","","","0"
